id,nombre,cuenta,categoria,tipo_movimiento,monto,fecha,descripcion,monto_log,es_ingreso,mes,dia_semana,es_fin_semana,categoria_Alimentación,categoria_Educación,categoria_Entretenimiento,categoria_Independiente,categoria_Nómina,categoria_Otros Gastos,categoria_Otros Ingresos,categoria_Ropa,categoria_Salud,categoria_Servicios Públicos,categoria_Tecnología,categoria_Transporte,categoria_Vivienda,tipo_movimiento_Gasto,tipo_movimiento_Ingreso,cuenta_Banco Bogota ,cuenta_Bancolombia,cuenta_DaviPlata,cuenta_Davivienda,cuenta_Efectivo,cuenta_Falabella CMR,cuenta_Fondos Voluntarios,cuenta_InDriver,cuenta_Nequi,cuenta_Tarjeta de Crédito,cuenta_Transmilenio
019fbf21-dcce-72a2-8bef-e252d3f7fe73,Cobro de prestamo,Banco Bogota ,Otros Ingresos,Ingreso,4585100.0,2026-08-01,Salario de mama + credito de matricula,15.338322691783407,1,8,5,1,0,0,0,0,0,0,1,0,0,0,0,0,0,0,1,1,0,0,0,0,0,0,0,0,0,0
a1b2c3d4-e5f6-4a7b-8c9d-0e1f2a3b4c5d,Compra de mercado,Nequi,Alimentación,Gasto,125000.0,2024-03-15,Mercado semanal en D1,11.736077016252437,0,3,4,0,1,0,0,0,0,0,0,0,0,0,0,0,0,1,0,0,0,0,0,0,0,0,0,1,0,0
b2c3d4e5-f6a7-4b8c-9d0e-1f2a3b4c5d6e,Pago de nómina,Bancolombia,Nómina,Ingreso,3500000.0,2024-04-30,Salario quincenal,15.068273812173887,1,4,1,0,0,0,0,0,1,0,0,0,0,0,0,0,0,0,1,0,1,0,0,0,0,0,0,0,0,0
c3d4e5f6-a7b8-4c9d-0e1f-2a3b4c5d6e7f,Pago de arriendo,Davivienda,Vivienda,Gasto,1200000.0,2024-05-01,Arriendo apartamento,13.997832948091215,0,5,2,0,0,0,0,0,0,0,0,0,0,0,0,0,1,1,0,0,0,0,1,0,0,0,0,0,0,0
d4e5f6a7-b8c9-4d0e-1f2a-3b4c5d6e7f80,Recarga celular,DaviPlata,Servicios Públicos,Gasto,20000.0,2024-05-05,Recarga Claro,9.90353755128617,0,5,6,1,0,0,0,0,0,0,0,0,0,1,0,0,0,1,0,0,0,1,0,0,0,0,0,0,0,0
e5f6a7b8-c9d0-4e1f-2a3b-4c5d6e7f8091,Pago Netflix,Tarjeta de Crédito,Entretenimiento,Gasto,45000.0,2024-05-06,Suscripción mensual,10.714439990727769,0,5,0,0,0,0,1,0,0,0,0,0,0,0,0,0,0,1,0,0,0,0,0,0,0,0,0,0,1,0
f6a7b8c9-d0e1-4f2a-3b4c-5d6e7f8091a2,Transferencia recibida,Nequi,Otros Ingresos,Ingreso,500000.0,2024-05-10,Pago trabajo freelance,13.122365377402328,1,5,4,0,0,0,0,0,0,0,1,0,0,0,0,0,0,0,1,0,0,0,0,0,0,0,0,1,0,0
07b8c9d0-e1f2-4a3b-4c5d-6e7f8091a2b3,Retiro en cajero,Banco Bogota ,Otros Gastos,Gasto,300000.0,2024-05-12,Retiro para gastos diarios,12.611541086966115,0,5,6,1,0,0,0,0,0,1,0,0,0,0,0,0,0,1,0,1,0,0,0,0,0,0,0,0,0,0
18c9d0e1-f2a3-4b4c-5d6e-7f8091a2b3c4,Pago tarjeta crédito,Bancolombia,Otros Gastos,Gasto,850000.0,2024-05-15,Pago total tarjeta,13.652992804936396,0,5,2,0,0,0,0,0,0,1,0,0,0,0,0,0,0,1,0,0,1,0,0,0,0,0,0,0,0,0
29d0e1f2-a3b4-4c5d-6e7f-8091a2b3c4d5,Venta de producto,Efectivo,Independiente,Ingreso,250000.0,2024-05-18,Venta de ropa usada,12.429220196836383,1,5,5,1,0,0,0,1,0,0,0,0,0,0,0,0,0,0,1,0,0,0,0,1,0,0,0,0,0,0
3ae1f2a3-b4c5-4d6e-7f80-91a2b3c4d5e6,Cobro de factura,Banco Bogota ,Independiente,Ingreso,1500000.0,2024-05-20,Factura diseño web,14.220976332738882,1,5,0,0,0,0,0,1,0,0,0,0,0,0,0,0,0,0,1,1,0,0,0,0,0,0,0,0,0,0
4bf2a3b4-c5d6-4e7f-8091-a2b3c4d5e6f7,Pago de luz,Nequi,Servicios Públicos,Gasto,180000.0,2024-05-22,Factura energía,12.100717685412471,0,5,2,0,0,0,0,0,0,0,0,0,0,1,0,0,0,1,0,0,0,0,0,0,0,0,0,1,0,0
5ca3b4c5-d6e7-4f80-91a2-b3c4d5e6f708,Pago de agua,DaviPlata,Servicios Públicos,Gasto,65000.0,2024-05-23,Factura acueducto,11.082157933374816,0,5,3,0,0,0,0,0,0,0,0,0,0,1,0,0,0,1,0,0,0,1,0,0,0,0,0,0,0,0
6db4c5d6-e7f8-4091-a2b3-c4d5e6f70819,Pago de internet,Bancolombia,Servicios Públicos,Gasto,90000.0,2024-05-24,Internet Tigo,11.407576060361786,0,5,4,0,0,0,0,0,0,0,0,0,0,1,0,0,0,1,0,0,1,0,0,0,0,0,0,0,0,0
7ec5d6e7-f809-41a2-b3c4-d5e6f708192a,Compra de ropa,Falabella CMR,Ropa,Gasto,350000.0,2024-05-25,Ropa para el trabajo,12.765691290604371,0,5,5,1,0,0,0,0,0,0,0,1,0,0,0,0,0,1,0,0,0,0,0,0,1,0,0,0,0,0
8fd6e7f8-091a-42b3-c4d5-e6f708192a3b,Gasto en restaurante,Nequi,Alimentación,Gasto,85000.0,2024-05-26,Almuerzo con amigos,11.350418300109132,0,5,6,1,1,0,0,0,0,0,0,0,0,0,0,0,0,1,0,0,0,0,0,0,0,0,0,1,0,0
90e7f809-1a2b-43c4-d5e6-f708192a3b4c,Pago de taxi,InDriver,Transporte,Gasto,15000.0,2024-05-27,Viaje a la oficina,9.61587214452889,0,5,0,0,0,0,0,0,0,0,0,0,0,0,0,1,0,1,0,0,0,0,0,0,0,0,1,0,0,0
a1f8091a-2b3c-44d5-e6f7-08192a3b4c5d,Compra de gasolina,Davivienda,Transporte,Gasto,120000.0,2024-05-28,Tanque lleno,11.695255355062795,0,5,1,0,0,0,0,0,0,0,0,0,0,0,0,1,0,1,0,0,0,0,1,0,0,0,0,0,0,0
b2091a2b-3c4d-45e6-f708-192a3b4c5d6e,Pago de medicina,Efectivo,Salud,Gasto,45000.0,2024-05-29,Medicamentos farmatodo,10.714439990727769,0,5,2,0,0,0,0,0,0,0,0,0,1,0,0,0,0,1,0,0,0,0,0,1,0,0,0,0,0,0
c31a2b3c-4d5e-46f7-0819-2a3b4c5d6e7f,Compra de libros,Banco Bogota ,Educación,Gasto,150000.0,2024-05-30,Libros universidad,11.918397239722838,0,5,3,0,0,1,0,0,0,0,0,0,0,0,0,0,0,1,0,1,0,0,0,0,0,0,0,0,0,0
d42b3c4d-5e6f-4708-192a-3b4c5d6e7f80,Pago de matrícula,Bancolombia,Educación,Gasto,2500000.0,2024-06-01,Matrícula semestre,14.731801689838349,0,6,5,1,0,1,0,0,0,0,0,0,0,0,0,0,0,1,0,0,1,0,0,0,0,0,0,0,0,0
e53c4d5e-6f70-4819-2a3b-4c5d6e7f8091,Devolución de producto,Nequi,Otros Ingresos,Ingreso,120000.0,2024-06-02,Devolución zapatillas,11.695255355062795,1,6,6,1,0,0,0,0,0,0,1,0,0,0,0,0,0,0,1,0,0,0,0,0,0,0,0,1,0,0
f64d5e6f-7081-492a-3b4c-5d6e7f8091a2,Cobro de seguro,Davivienda,Otros Gastos,Gasto,250000.0,2024-06-03,Seguro de vida,12.429220196836383,0,6,0,0,0,0,0,0,0,1,0,0,0,0,0,0,0,1,0,0,0,0,1,0,0,0,0,0,0,0
075e6f70-8192-4a3b-4c5d-6e7f8091a2b3,Pago de impuestos,Banco Bogota ,Otros Gastos,Gasto,450000.0,2024-06-04,Declaración de renta,13.017005083966255,0,6,1,0,0,0,0,0,0,1,0,0,0,0,0,0,0,1,0,1,0,0,0,0,0,0,0,0,0,0
186f7081-92a3-4b4c-5d6e-7f8091a2b3c4,Aporte voluntario,Fondos Voluntarios,Otros Gastos,Gasto,500000.0,2024-06-05,Aporte pensión,13.122365377402328,0,6,2,0,0,0,0,0,0,1,0,0,0,0,0,0,0,1,0,0,0,0,0,0,0,1,0,0,0,0
29708192-a3b4-4c5d-6e7f-8091a2b3c4d5,Cobro de dividendos,Bancolombia,Otros Ingresos,Ingreso,350000.0,2024-06-06,Dividendos acciones,12.765691290604371,1,6,3,0,0,0,0,0,0,0,1,0,0,0,0,0,0,0,1,0,1,0,0,0,0,0,0,0,0,0
3a8192a3-b4c5-4d6e-7f80-91a2b3c4d5e6,Venta de vehículo,Banco Bogota ,Otros Ingresos,Ingreso,25000000.0,2024-06-07,Venta carro 2015,17.034386422832473,1,6,4,0,0,0,0,0,0,0,1,0,0,0,0,0,0,0,1,1,0,0,0,0,0,0,0,0,0,0
4b92a3b4-c5d6-4e7f-8091-a2b3c4d5e6f7,Pago de taller,Nequi,Transporte,Gasto,450000.0,2024-06-08,Cambio de aceite y filtros,13.017005083966255,0,6,5,1,0,0,0,0,0,0,0,0,0,0,0,1,0,1,0,0,0,0,0,0,0,0,0,1,0,0
5ca3b4c5-d6e7-4f80-91a2-b3c4d5e6f708,Compra de tecnología,Falabella CMR,Tecnología,Gasto,3500000.0,2024-06-09,Laptop nueva,15.068273812173887,0,6,6,1,0,0,0,0,0,0,0,0,0,0,1,0,0,1,0,0,0,0,0,0,1,0,0,0,0,0
6db4c5d6-e7f8-4091-a2b3-c4d5e6f70819,Pago de gimnasio,DaviPlata,Salud,Gasto,80000.0,2024-06-10,Mensualidad gym,11.289794413577894,0,6,0,0,0,0,0,0,0,0,0,0,1,0,0,0,0,1,0,0,0,1,0,0,0,0,0,0,0,0
7ec5d6e7-f809-41a2-b3c4-d5e6f708192a,Cobro de clase,Nequi,Independiente,Ingreso,200000.0,2024-06-11,Clases de inglés,12.206077645517674,1,6,1,0,0,0,0,1,0,0,0,0,0,0,0,0,0,0,1,0,0,0,0,0,0,0,0,1,0,0
8fd6e7f8-091a-42b3-c4d5-e6f708192a3b,Pago de Spotify,Tarjeta de Crédito,Entretenimiento,Gasto,16900.0,2024-06-12,Suscripción premium,9.735128070758227,0,6,2,0,0,0,1,0,0,0,0,0,0,0,0,0,0,1,0,0,0,0,0,0,0,0,0,0,1,0
90e7f809-1a2b-43c4-d5e6-f708192a3b4c,Compra de mercado,Bancolombia,Alimentación,Gasto,250000.0,2024-06-13,Mercado Éxito,12.429220196836383,0,6,3,0,1,0,0,0,0,0,0,0,0,0,0,0,0,1,0,0,1,0,0,0,0,0,0,0,0,0
a1f8091a-2b3c-44d5-e6f7-08192a3b4c5d,Pago de celular,Davivienda,Servicios Públicos,Gasto,350000.0,2024-06-14,Factura celular,12.765691290604371,0,6,4,0,0,0,0,0,0,0,0,0,0,1,0,0,0,1,0,0,0,0,1,0,0,0,0,0,0,0
b2091a2b-3c4d-45e6-f708-192a3b4c5d6e,Transferencia enviada,Nequi,Otros Gastos,Gasto,150000.0,2024-06-15,Envío a hermano,11.918397239722838,0,6,5,1,0,0,0,0,0,1,0,0,0,0,0,0,0,1,0,0,0,0,0,0,0,0,0,1,0,0
c31a2b3c-4d5e-46f7-0819-2a3b4c5d6e7f,Cobro de mesada,Banco Bogota ,Otros Ingresos,Ingreso,400000.0,2024-06-16,Mesada de papá,12.899222326086994,1,6,6,1,0,0,0,0,0,0,1,0,0,0,0,0,0,0,1,1,0,0,0,0,0,0,0,0,0,0
d42b3c4d-5e6f-4708-192a-3b4c5d6e7f80,Pago de psiquiatra,Efectivo,Salud,Gasto,150000.0,2024-06-17,Consulta médica,11.918397239722838,0,6,0,0,0,0,0,0,0,0,0,0,1,0,0,0,0,1,0,0,0,0,0,1,0,0,0,0,0,0
e53c4d5e-6f70-4819-2a3b-4c5d6e7f8091,Compra de zapatos,Falabella CMR,Ropa,Gasto,220000.0,2024-06-18,Zapatos para correr,12.301387370778713,0,6,1,0,0,0,0,0,0,0,0,1,0,0,0,0,0,1,0,0,0,0,0,0,1,0,0,0,0,0
f64d5e6f-7081-492a-3b4c-5d6e7f8091a2,Pago de Netflix,Tarjeta de Crédito,Entretenimiento,Gasto,45000.0,2024-06-19,Suscripción familiar,10.714439990727769,0,6,2,0,0,0,1,0,0,0,0,0,0,0,0,0,0,1,0,0,0,0,0,0,0,0,0,0,1,0
075e6f70-8192-4a3b-4c5d-6e7f8091a2b3,Venta de artesanías,Efectivo,Independiente,Ingreso,180000.0,2024-06-20,Venta en feria,12.100717685412471,1,6,3,0,0,0,0,1,0,0,0,0,0,0,0,0,0,0,1,0,0,0,0,1,0,0,0,0,0,0
186f7081-92a3-4b4c-5d6e-7f8091a2b3c4,Pago de luz,Nequi,Servicios Públicos,Gasto,195000.0,2024-06-21,Factura energía,12.180759965737863,0,6,4,0,0,0,0,0,0,0,0,0,0,1,0,0,0,1,0,0,0,0,0,0,0,0,0,1,0,0
29708192-a3b4-4c5d-6e7f-8091a2b3c4d5,Compra de regalos,Bancolombia,Otros Gastos,Gasto,300000.0,2024-06-22,Regalo cumpleaños,12.611541086966115,0,6,5,1,0,0,0,0,0,1,0,0,0,0,0,0,0,1,0,0,1,0,0,0,0,0,0,0,0,0
3a8192a3-b4c5-4d6e-7f80-91a2b3c4d5e6,Pago de transporte,Transmilenio,Transporte,Gasto,5000.0,2024-06-23,Recarga tu llave,8.517393171418904,0,6,6,1,0,0,0,0,0,0,0,0,0,0,0,1,0,1,0,0,0,0,0,0,0,0,0,0,0,1
4b92a3b4-c5d6-4e7f-8091-a2b3c4d5e6f7,Cobro de proyecto,Banco Bogota ,Independiente,Ingreso,2000000.0,2024-06-24,Pago proyecto app,14.508658238524095,1,6,0,0,0,0,0,1,0,0,0,0,0,0,0,0,0,0,1,1,0,0,0,0,0,0,0,0,0,0
5ca3b4c5-d6e7-4f80-91a2-b3c4d5e6f708,Pago de odontólogo,Davivienda,Salud,Gasto,400000.0,2024-06-25,Limpieza dental,12.899222326086994,0,6,1,0,0,0,0,0,0,0,0,0,1,0,0,0,0,1,0,0,0,0,1,0,0,0,0,0,0,0
6db4c5d6-e7f8-4091-a2b3-c4d5e6f70819,Compra de café,Efectivo,Alimentación,Gasto,8000.0,2024-06-26,Café en Juan Valdez,8.987321812850125,0,6,2,0,1,0,0,0,0,0,0,0,0,0,0,0,0,1,0,0,0,0,0,1,0,0,0,0,0,0
7ec5d6e7-f809-41a2-b3c4-d5e6f708192a,Pago de Disney,Tarjeta de Crédito,Entretenimiento,Gasto,25000.0,2024-06-27,Suscripción Disney+,10.12667110305036,0,6,3,0,0,0,1,0,0,0,0,0,0,0,0,0,0,1,0,0,0,0,0,0,0,0,0,0,1,0
8fd6e7f8-091a-42b3-c4d5-e6f708192a3b,Transferencia recibida,DaviPlata,Otros Ingresos,Ingreso,750000.0,2024-06-28,Pago trabajo extra,13.527829818844937,1,6,4,0,0,0,0,0,0,0,1,0,0,0,0,0,0,0,1,0,0,1,0,0,0,0,0,0,0,0
90e7f809-1a2b-43c4-d5e6-f708192a3b4c,Pago de arriendo,Banco Bogota ,Vivienda,Gasto,1200000.0,2024-06-29,Arriendo mes de julio,13.997832948091215,0,6,5,1,0,0,0,0,0,0,0,0,0,0,0,0,1,1,0,1,0,0,0,0,0,0,0,0,0,0
a1f8091a-2b3c-44d5-e6f7-08192a3b4c5e,Cobro de prestamo,Bancolombia,Otros Ingresos,Ingreso,1500000.0,2024-06-30,Abono a préstamo personal,14.220976332738882,1,6,6,1,0,0,0,0,0,0,1,0,0,0,0,0,0,0,1,0,1,0,0,0,0,0,0,0,0,0
