precio_unitario,cantidad,cliente_edad,categoria_Alimentos,categoria_Aseo,categoria_Lácteos,metodo_pago_Efectivo,metodo_pago_Tarjeta,total_venta
2.5,10.0,34.0,1.0,0.0,0.0,1.0,0.0,25.0
1.8,5.0,28.0,0.0,0.0,1.0,0.0,1.0,9.0
3.2,2.0,45.0,0.0,1.0,0.0,0.0,1.0,6.4
5.0,8.0,52.0,1.0,0.0,0.0,1.0,0.0,40.0
1.5,15.0,22.0,1.0,0.0,0.0,0.0,1.0,22.5
4.5,3.0,36.0,0.0,1.0,0.0,1.0,0.0,13.5
2.0,6.0,31.0,0.0,0.0,1.0,0.0,1.0,12.0
3.8,4.0,40.0,1.0,0.0,0.0,1.0,0.0,15.2
2.1,2.0,29.0,0.0,1.0,0.0,0.0,1.0,4.2
6.5,3.0,55.0,0.0,0.0,1.0,1.0,0.0,19.5
2.5,12.0,38.0,1.0,0.0,0.0,0.0,1.0,30.0
1.8,8.0,36.0,0.0,0.0,1.0,1.0,0.0,14.4
